{
  "Random Forest": {
    "accuracy": 0.909090909090909,
    "precision": 0.7,
    "recall": 0.7,
    "f1": 0.6666666666666666
  },
  "Decision Tree": {
    "accuracy": 0.909090909090909,
    "precision": 0.6333333333333333,
    "recall": 0.8,
    "f1": 0.6933333333333334
  },
  "Logistic Regression": {
    "accuracy": 0.8181818181818181,
    "precision": 0.0,
    "recall": 0.0,
    "f1": 0.0
  }
}